City_ID,City,Country,Date,Lat,Lng,Max Temp,Humidity,Cloudiness,Wind Speed
0,Lebu,CL,2021-10-20 22:04:52,-37.6167,-73.65,55.17,82,73,7.27
1,Mangai,CD,2021-10-20 22:05:16,-4.05,19.5333,69.4,99,100,1.5
2,Paso De Los Toros,UY,2021-10-20 22:05:16,-32.8167,-56.5167,63.97,70,68,11.92
3,Zhigansk,RU,2021-10-20 22:05:17,66.7697,123.3711,17.53,93,82,7.74
4,Busselton,AU,2021-10-20 22:03:40,-33.65,115.3333,53.1,73,98,15.73
5,Hermanus,ZA,2021-10-20 22:05:17,-34.4187,19.2345,63.9,88,83,7.61
6,Severo-Kurilsk,RU,2021-10-20 22:04:49,50.6789,156.125,35.6,65,83,23.55
7,Bredasdorp,ZA,2021-10-20 22:03:49,-34.5322,20.0403,62.28,98,84,5.14
8,Bluff,NZ,2021-10-20 22:05:17,-46.6,168.3333,48.42,55,100,3.65
9,Pasighat,IN,2021-10-20 22:05:18,28.0667,95.3333,73.17,99,100,2.39
10,Lagoa,PT,2021-10-20 22:05:18,39.05,-27.9833,68.63,61,39,2.68
11,Yellowknife,CA,2021-10-20 22:05:18,62.456,-114.3525,44.42,79,90,15.99
12,Port Alfred,ZA,2021-10-20 22:05:19,-33.5906,26.891,63.14,86,23,16.22
13,Bilibino,RU,2021-10-20 22:05:19,68.0546,166.4372,0.59,96,100,2.33
14,Kibala,TD,2021-10-20 22:05:19,9.1104,18.3463,73.06,90,100,5.06
15,Airai,TL,2021-10-20 22:05:20,-8.9266,125.4092,63.73,68,98,1.54
16,New Norfolk,AU,2021-10-20 22:05:20,-42.7826,147.0587,56.75,69,89,1.01
17,Trat,TH,2021-10-20 22:05:20,12.5,102.5,81.99,93,100,0.67
18,Lakes Entrance,AU,2021-10-20 22:05:21,-37.8811,147.981,61.16,67,63,5.08
19,Victoria,HK,2021-10-20 22:01:12,22.2855,114.1577,79.32,86,87,4.0
20,Punta Arenas,CL,2021-10-20 22:05:21,-53.15,-70.9167,51.82,50,40,19.57
21,Umea,SE,2021-10-20 22:05:21,63.8284,20.2597,37.33,93,90,4.61
22,Rikitea,PF,2021-10-20 22:05:22,-23.1203,-134.9692,74.68,73,10,20.45
23,Nantucket,US,2021-10-20 22:05:22,41.2835,-70.0995,64.74,82,1,5.75
24,Srednekolymsk,RU,2021-10-20 22:05:22,67.45,153.6833,-9.67,97,83,2.46
25,Boyolangu,ID,2021-10-20 22:05:22,-8.1181,111.8935,75.34,93,89,1.48
26,Thompson,CA,2021-10-20 22:05:23,55.7435,-97.8558,37.62,54,45,7.58
27,Turbat,PK,2021-10-20 22:05:23,26.0023,63.044,76.14,78,2,3.91
28,Castro,BR,2021-10-20 22:05:24,-24.7911,-50.0119,53.42,89,72,7.05
29,Aykhal,RU,2021-10-20 22:05:24,66.0,111.5,35.02,98,100,21.94
30,Nikolskoye,RU,2021-10-20 22:03:41,59.7035,30.7861,52.88,89,100,16.96
31,Kaitangata,NZ,2021-10-20 22:05:24,-46.2817,169.8464,50.47,56,100,4.45
32,Vardo,NO,2021-10-20 22:05:25,70.3705,31.1107,30.4,64,100,25.34
33,Khatanga,RU,2021-10-20 22:05:25,71.9667,102.5,22.14,97,100,5.28
34,Dikson,RU,2021-10-20 22:05:25,73.5069,80.5464,28.0,62,87,12.66
35,Tuktoyaktuk,CA,2021-10-20 22:05:25,69.4541,-133.0374,27.68,80,94,8.43
36,Lincoln,US,2021-10-20 22:01:58,40.8,-96.667,53.55,66,75,3.0
37,Yumen,CN,2021-10-20 22:05:26,40.2833,97.2,38.43,29,48,7.92
38,Mataura,NZ,2021-10-20 22:03:39,-46.1927,168.8643,49.17,57,100,3.2
39,Kruisfontein,ZA,2021-10-20 22:05:26,-34.0033,24.7314,57.88,76,35,3.67
40,Hilo,US,2021-10-20 22:04:54,19.7297,-155.09,80.33,66,40,13.8
41,Mudgee,AU,2021-10-20 22:05:27,-32.5943,149.5871,59.61,70,70,9.37
42,Livingstonia,MW,2021-10-20 22:05:27,-10.606,34.1063,66.16,66,55,5.75
43,Puerto Ayora,EC,2021-10-20 22:05:27,-0.7393,-90.3518,76.96,80,97,10.0
44,Sao Joao Da Barra,BR,2021-10-20 22:05:28,-21.6403,-41.0511,65.12,92,100,10.8
45,Atuona,PF,2021-10-20 22:05:28,-9.8,-139.0333,76.87,82,16,15.03
46,Torbay,CA,2021-10-20 22:05:12,47.6666,-52.7314,49.75,96,90,9.22
47,Saint-Philippe,RE,2021-10-20 22:05:28,-21.3585,55.7679,71.19,79,42,10.96
48,Chiang Kham,TH,2021-10-20 22:05:29,19.5233,100.3,74.05,97,70,1.66
49,Cabo San Lucas,MX,2021-10-20 22:05:29,22.8909,-109.9124,89.62,61,1,11.5
50,Vostok,RU,2021-10-20 22:05:29,46.4856,135.8833,16.56,78,6,3.18
51,Beira,MZ,2021-10-20 22:05:30,-19.8436,34.8389,70.88,75,7,7.07
52,Ulladulla,AU,2021-10-20 22:05:30,-35.35,150.4667,65.88,85,49,5.86
53,Manokwari,ID,2021-10-20 22:05:30,-0.8667,134.0833,79.99,77,100,4.72
54,Kakamega,KE,2021-10-20 22:05:31,0.2842,34.7523,60.15,80,100,5.08
55,Barrow,US,2021-10-20 22:05:01,71.2906,-156.7887,28.42,86,90,27.63
56,Vaini,TO,2021-10-20 22:05:31,-21.2,-175.2,78.96,89,75,8.05
57,Arlit,NE,2021-10-20 22:05:31,18.7369,7.3853,88.75,12,34,8.77
58,Koshurnikovo,RU,2021-10-20 22:05:32,54.1667,93.3,30.45,77,51,3.11
59,Alice Springs,AU,2021-10-20 22:03:12,-23.7,133.8833,72.95,43,0,6.91
60,East London,ZA,2021-10-20 22:04:49,-33.0153,27.9116,63.18,84,51,13.24
61,Bloomfield,US,2021-10-20 22:05:32,40.8068,-74.1854,75.85,49,1,1.01
62,Gornyy,RU,2021-10-20 22:05:33,55.1153,83.9059,42.8,72,40,7.65
63,Klyuchi,RU,2021-10-20 22:05:33,52.2667,79.1667,43.95,49,95,9.01
64,Sawakin,SD,2021-10-20 22:05:33,19.1059,37.3321,81.01,75,13,9.1
65,Mar Del Plata,AR,2021-10-20 22:01:48,-38.0023,-57.5575,60.87,1,11,17.0
66,Butaritari,KI,2021-10-20 22:05:34,3.0707,172.7902,81.46,74,28,9.73
67,Bethel,US,2021-10-20 22:05:34,41.3712,-73.414,71.69,65,1,4.61
68,Labuhan,ID,2021-10-20 22:05:34,-6.8844,112.2051,78.67,83,54,6.22
69,Cape Town,ZA,2021-10-20 22:01:06,-33.9258,18.4232,64.11,74,100,5.21
70,Carmo Do Rio Claro,BR,2021-10-20 22:05:35,-20.9719,-46.1189,62.28,87,100,5.26
71,Marawi,PH,2021-10-20 22:05:35,7.9986,124.2928,64.65,93,100,1.79
72,Moramanga,MG,2021-10-20 22:05:35,-18.9333,48.2,57.13,98,40,0.76
73,Ilulissat,GL,2021-10-20 22:04:51,69.2167,-51.1,28.42,64,20,2.3
74,Port Elizabeth,ZA,2021-10-20 22:05:36,-33.918,25.5701,60.1,88,21,9.69
75,Kapaa,US,2021-10-20 22:05:36,22.0752,-159.319,82.47,64,1,1.99
76,Albany,US,2021-10-20 22:05:36,42.6001,-73.9662,66.88,51,67,6.51
77,Vila Franca Do Campo,PT,2021-10-20 22:05:36,37.7167,-25.4333,63.01,73,60,2.24
78,Ushuaia,AR,2021-10-20 22:04:01,-54.8,-68.3,46.81,60,74,5.28
79,Grand-Santi,GF,2021-10-20 22:05:37,4.25,-54.3833,80.98,69,71,3.49
80,Tasiilaq,GL,2021-10-20 22:05:37,65.6145,-37.6368,42.96,50,66,10.33
81,Kondinskoye,RU,2021-10-20 22:05:37,59.6481,67.41,34.81,91,100,8.32
82,Souillac,MU,2021-10-20 22:05:38,-20.5167,57.5167,74.35,78,40,8.05
83,Maragogi,BR,2021-10-20 22:02:45,-9.0122,-35.2225,77.61,85,8,9.71
84,Cherskiy,RU,2021-10-20 22:05:38,68.75,161.3,-7.08,100,100,5.19
85,Durban,ZA,2021-10-20 22:05:38,-29.8579,31.0292,64.02,80,11,3.0
86,Maniitsoq,GL,2021-10-20 22:05:39,65.4167,-52.9,32.81,71,10,11.92
87,Hobart,AU,2021-10-20 22:02:32,-42.8794,147.3294,60.22,73,75,4.0
88,Carquefou,FR,2021-10-20 22:05:40,47.2982,-1.4902,59.79,80,90,10.0
89,Goderich,CA,2021-10-20 22:04:18,43.7501,-81.7165,62.2,73,78,9.55
90,Rawson,AR,2021-10-20 22:03:52,-43.3002,-65.1023,75.43,26,9,31.23
91,Dunedin,NZ,2021-10-20 22:05:40,-45.8742,170.5036,52.81,61,65,1.99
92,Pisco,PE,2021-10-20 22:05:40,-13.7,-76.2167,64.45,77,0,17.27
93,Cidreira,BR,2021-10-20 22:05:41,-30.1811,-50.2056,63.37,66,94,15.37
94,Longyearbyen,SJ,2021-10-20 22:05:41,78.2186,15.6401,13.84,67,0,8.05
95,Puerto Madryn,AR,2021-10-20 22:05:41,-42.7692,-65.0385,72.52,33,5,27.16
96,Markala,ML,2021-10-20 22:05:42,13.7021,-6.0659,82.8,57,82,10.54
97,Qaanaaq,GL,2021-10-20 22:05:42,77.484,-69.3632,17.6,94,78,2.08
98,Tiksi,RU,2021-10-20 22:05:42,71.6872,128.8694,11.07,94,100,5.46
99,Arraial Do Cabo,BR,2021-10-20 22:05:43,-22.9661,-42.0278,64.18,83,100,11.56
100,Fairbanks,US,2021-10-20 22:05:43,64.8378,-147.7164,39.16,64,40,1.99
101,Montataire,FR,2021-10-20 22:05:43,49.2561,2.4389,61.09,72,100,24.96
102,Bathsheba,BB,2021-10-20 22:05:44,13.2167,-59.5167,83.01,78,40,21.85
103,Araouane,ML,2021-10-20 22:05:44,18.9048,-3.5265,76.41,22,44,11.18
104,Ust-Tsilma,RU,2021-10-20 22:05:44,65.441,52.1498,29.01,91,75,4.09
105,Port Hardy,CA,2021-10-20 22:05:45,50.6996,-127.4199,53.78,94,75,9.22
106,Ulaangom,MN,2021-10-20 22:05:45,49.9811,92.0667,30.36,60,0,3.24
107,Srikakulam,IN,2021-10-20 22:05:45,18.3,83.9,77.7,89,61,3.4
108,Jamestown,US,2021-10-20 22:02:55,42.097,-79.2353,65.52,59,1,6.91
109,Georgetown,MY,2021-10-20 22:05:46,5.4112,100.3354,76.95,96,20,0.0
110,Karratha,AU,2021-10-20 22:05:46,-20.7377,116.8463,69.91,39,1,8.75
111,Bandarbeyla,SO,2021-10-20 22:05:46,9.4942,50.8122,76.95,84,40,6.76
112,Chokurdakh,RU,2021-10-20 22:04:01,70.6333,147.9167,-16.44,96,94,2.77
113,Namibe,AO,2021-10-20 22:05:47,-15.1961,12.1522,67.35,89,35,7.2
114,Taua,BR,2021-10-20 22:05:47,-5.9667,-40.3,87.91,39,95,9.37
115,Kahului,US,2021-10-20 22:01:02,20.8947,-156.47,83.97,72,0,11.01
116,Luderitz,NA,2021-10-20 22:05:47,-26.6481,15.1594,55.85,86,45,10.63
117,Palana,RU,2021-10-20 22:05:48,59.1167,159.9667,21.34,68,100,15.7
118,Fortuna,US,2021-10-20 22:05:48,40.5982,-124.1573,64.74,68,20,5.99
119,Vredendal,ZA,2021-10-20 22:05:48,-31.6683,18.5012,64.89,64,96,3.87
120,Sao Filipe,CV,2021-10-20 22:05:49,14.8961,-24.4956,82.36,59,0,8.88
121,Leningradskiy,RU,2021-10-20 22:03:54,69.3833,178.4167,25.39,96,100,15.05
122,Hithadhoo,MV,2021-10-20 22:05:49,-0.6,73.0833,81.09,77,100,11.21
123,Saint George,US,2021-10-20 22:05:49,37.1041,-113.5841,74.43,25,1,1.99
124,Chibuto,MZ,2021-10-20 22:05:50,-24.6867,33.5306,60.57,74,0,5.21
125,Khilok,RU,2021-10-20 22:05:50,51.3674,110.4676,27.1,93,9,3.0
126,Leh,IN,2021-10-20 22:05:51,34.1667,77.5833,41.34,42,0,4.25
127,Eyl,SO,2021-10-20 22:05:51,7.9803,49.8164,77.76,83,59,6.82
128,Salalah,OM,2021-10-20 22:05:51,17.0151,54.0924,78.89,73,20,2.3
129,Port-Gentil,GA,2021-10-20 22:05:51,-0.7193,8.7815,77.86,84,100,9.44
130,Paamiut,GL,2021-10-20 22:05:00,61.994,-49.6678,36.21,59,0,4.25
131,Hamilton,US,2021-10-20 22:05:52,39.1834,-84.5333,71.83,56,1,1.01
132,Marseille,FR,2021-10-20 22:05:21,43.3333,5.5,63.95,70,63,3.0
133,Bambous Virieux,MU,2021-10-20 22:05:52,-20.3428,57.7575,74.21,78,40,8.05
134,Khatassy,RU,2021-10-20 22:05:53,61.9036,129.6383,15.78,96,96,4.05
135,Roebourne,AU,2021-10-20 22:05:53,-20.7833,117.1333,70.57,37,2,8.12
136,Talnakh,RU,2021-10-20 22:05:54,69.4865,88.3972,29.7,95,100,15.86
137,Chuy,UY,2021-10-20 22:05:00,-33.6971,-53.4616,59.2,68,64,9.91
138,Luau,AO,2021-10-20 22:05:54,-10.7073,22.2247,67.05,85,63,2.24
139,Adrar,MR,2021-10-20 22:05:54,20.5022,-10.0711,78.31,18,4,11.79
140,Reserva,BR,2021-10-20 22:05:55,-24.6503,-50.8506,58.35,77,87,5.23
141,Provideniya,RU,2021-10-20 22:05:55,64.3833,-173.3,26.71,80,0,0.0
142,Hami,CN,2021-10-20 22:05:55,42.8,93.45,56.39,19,100,7.45
143,Pasni,PK,2021-10-20 22:05:56,25.2631,63.471,78.64,76,7,8.84
144,Luanda,AO,2021-10-20 22:03:11,-8.8368,13.2343,77.0,83,75,6.91
145,Koslan,RU,2021-10-20 22:05:56,63.4564,48.8989,28.6,76,94,5.88
146,Ribeira Grande,PT,2021-10-20 22:05:56,38.5167,-28.7,70.27,61,71,3.67
147,Belmonte,BR,2021-10-20 22:05:57,-15.8631,-38.8828,79.3,85,62,6.42
148,San Patricio,US,2021-10-20 22:05:57,28.017,-97.5169,88.52,51,22,8.48
149,Jibuti,DJ,2021-10-20 22:04:19,11.5,42.5,80.02,60,62,6.93
150,Carnarvon,AU,2021-10-20 22:05:57,-24.8667,113.6333,64.47,72,90,5.75
151,Clyde River,CA,2021-10-20 22:05:58,70.4692,-68.5914,25.72,94,100,8.5
152,Coihaique,CL,2021-10-20 22:05:58,-45.5752,-72.0662,53.55,58,75,5.75
153,Saldanha,ZA,2021-10-20 22:05:58,-33.0117,17.9442,59.65,85,55,17.31
154,Lompoc,US,2021-10-20 22:04:25,34.6391,-120.4579,76.01,57,1,16.11
155,Faya,SA,2021-10-20 22:05:53,18.3851,42.4509,57.72,28,1,7.29
156,Mahibadhoo,MV,2021-10-20 22:05:59,3.7833,72.9667,81.75,70,59,12.3
157,Kipini,KE,2021-10-20 22:05:59,-2.5257,40.5262,77.29,80,97,14.65
158,Avarua,CK,2021-10-20 22:06:00,-21.2078,-159.775,77.05,65,75,6.91
159,Durango,MX,2021-10-20 22:05:24,24.8333,-104.8333,74.95,35,25,2.98
160,Colares,PT,2021-10-20 22:06:00,38.7992,-9.4469,66.33,76,1,5.01
161,Iisalmi,FI,2021-10-20 22:06:00,63.5592,27.1907,39.22,100,100,6.15
162,Bereda,ES,2021-10-20 22:06:01,43.2686,-7.5406,58.41,100,99,3.76
163,Veles,MK,2021-10-20 22:06:01,41.7156,21.7756,45.05,85,0,1.97
164,Ostrovnoy,RU,2021-10-20 22:04:36,68.0531,39.5131,32.27,74,100,17.31
165,Tahe,CN,2021-10-20 22:06:02,52.3333,124.7333,25.92,85,96,3.4
166,Upernavik,GL,2021-10-20 22:06:03,72.7868,-56.1549,32.85,99,100,10.42
167,Svetlyy,RU,2021-10-20 22:06:03,54.675,20.1347,62.65,67,100,22.32
168,Itoman,JP,2021-10-20 22:06:04,26.1247,127.6694,75.22,73,75,6.91
169,Shikhany,RU,2021-10-20 22:06:04,52.1167,47.2167,36.72,58,99,8.77
170,Gat,IL,2021-10-20 22:06:05,31.61,34.7642,70.48,100,20,3.02
171,Darnah,LY,2021-10-20 22:06:05,32.767,22.6367,67.55,73,44,10.16
172,Caravelas,BR,2021-10-20 22:06:05,-17.7125,-39.2481,70.75,90,100,15.28
173,Manavgat,TR,2021-10-20 22:06:06,36.7867,31.4431,64.81,44,2,6.35
174,Touros,BR,2021-10-20 22:06:06,-5.1989,-35.4608,81.5,82,100,11.72
175,Thunder Bay,CA,2021-10-20 22:03:57,48.4001,-89.3168,46.99,63,100,1.01
176,Carmen,MX,2021-10-20 22:02:11,18.6333,-91.8333,82.62,72,76,9.8
177,Maningrida,AU,2021-10-20 22:06:06,-12.0667,134.2667,84.07,63,72,6.31
178,Pitimbu,BR,2021-10-20 22:06:07,-7.4706,-34.8086,81.19,80,9,12.39
179,Otyniya,UA,2021-10-20 22:06:07,48.7377,24.8611,48.04,67,76,6.53
180,Bodinayakkanur,IN,2021-10-20 22:06:07,10.0167,77.35,74.5,94,100,2.1
181,Sinnamary,GF,2021-10-20 22:03:58,5.3833,-52.95,80.53,79,36,8.75
182,Dali,CN,2021-10-20 22:06:08,25.7,100.1833,60.6,95,100,4.05
183,Bulolo,PG,2021-10-20 22:06:08,-7.2,146.65,76.6,78,81,1.88
184,San Martin,AR,2021-10-20 22:06:08,-33.081,-68.4681,84.18,13,36,6.93
185,Constitucion,CL,2021-10-20 22:06:09,-35.3333,-72.4167,56.05,77,11,5.3
186,Nelson Bay,AU,2021-10-20 22:06:09,-32.7167,152.15,64.96,94,69,1.01
187,Merrill,US,2021-10-20 22:06:10,45.1805,-89.6835,56.97,97,90,8.05
188,Manggar,ID,2021-10-20 22:06:10,-2.8833,108.2667,78.48,82,100,2.06
189,Caibarien,CU,2021-10-20 22:06:10,22.5206,-79.4669,78.12,82,96,14.9
190,La Ronge,CA,2021-10-20 22:06:03,55.1001,-105.2842,43.5,42,58,8.34
191,Amethi,IN,2021-10-20 22:06:11,26.15,81.8167,71.13,69,5,4.79
192,Ancud,CL,2021-10-20 22:06:11,-41.8697,-73.8203,57.42,92,100,8.88
193,San Ramon De La Nueva Oran,AR,2021-10-20 22:06:11,-23.1322,-64.326,87.42,23,13,6.22
194,Tongren,CN,2021-10-20 22:06:12,27.7172,109.1853,50.72,94,100,2.64
195,Port Blair,IN,2021-10-20 22:06:12,11.6667,92.75,77.04,88,40,0.0
196,Sur,OM,2021-10-20 22:06:12,22.5667,59.5289,78.39,73,68,12.84
197,Meulaboh,ID,2021-10-20 22:06:13,4.1363,96.1285,74.89,90,100,5.66
198,North Bend,US,2021-10-20 22:05:09,43.4065,-124.2243,62.51,85,40,12.66
199,Tilichiki,RU,2021-10-20 22:06:13,60.4667,166.1,9.43,84,93,6.08
200,Abha,SA,2021-10-20 22:05:54,18.2164,42.5053,57.45,23,0,0.0
201,Terrace,CA,2021-10-20 22:06:14,54.5163,-128.6035,46.42,76,90,14.97
202,Antalaha,MG,2021-10-20 22:06:14,-14.9003,50.2788,68.4,86,38,4.63
203,Silifke,TR,2021-10-20 22:06:14,36.3778,33.9344,66.9,38,0,9.86
204,Pau Dos Ferros,BR,2021-10-20 22:06:15,-6.1125,-38.2063,84.83,51,100,13.98
205,Aguai,BR,2021-10-20 22:06:15,-22.0594,-46.9786,61.74,85,99,4.34
206,Kodiak,US,2021-10-20 22:06:15,57.79,-152.4072,44.11,76,90,5.75
207,Deputatskiy,RU,2021-10-20 22:06:16,69.3,139.9,-0.69,98,100,1.72
208,Haines Junction,CA,2021-10-20 22:04:38,60.7522,-137.5108,36.55,65,47,1.68
209,Saskylakh,RU,2021-10-20 22:06:16,71.9167,114.0833,8.55,99,99,5.41
210,Bonfim,BR,2021-10-20 22:06:16,3.0833,-59.95,85.8,60,85,4.16
211,Pingliang,CN,2021-10-20 22:06:17,35.5392,106.6861,39.06,52,13,1.25
212,Burnie,AU,2021-10-20 22:06:17,-41.0667,145.9167,56.95,80,88,12.21
213,Fontem,CM,2021-10-20 22:06:17,5.4685,9.8818,65.44,90,100,3.56
214,Arue,PF,2021-10-20 22:06:17,-17.5167,-149.5,81.28,69,75,16.11
215,Ambulu,ID,2021-10-20 22:06:18,-8.345,113.6058,75.27,92,100,2.55
216,Sisimiut,GL,2021-10-20 22:06:18,66.9395,-53.6735,28.04,80,75,5.7
217,Terrasini,IT,2021-10-20 22:06:18,38.146,13.0844,64.47,77,2,6.91
218,Vrangel,RU,2021-10-20 22:06:19,42.7297,133.0839,36.9,59,0,7.27
219,Sibolga,ID,2021-10-20 22:06:19,1.7427,98.7792,76.12,83,100,2.53
220,Skjervoy,NO,2021-10-20 22:06:19,70.0311,20.9714,32.23,76,100,26.22
221,Berlevag,NO,2021-10-20 22:06:20,70.8578,29.0864,30.15,69,40,9.22
222,Roman,RO,2021-10-20 22:06:20,46.9167,26.9167,50.61,64,58,6.76
223,Vila,PT,2021-10-20 22:06:20,42.0304,-8.1588,52.34,90,70,2.91
224,Dingle,PH,2021-10-20 22:06:21,10.9995,122.6711,75.97,93,59,4.56
225,Lakatoro,VU,2021-10-20 22:06:21,-16.0999,167.4164,81.54,78,99,13.11
226,Itarema,BR,2021-10-20 22:06:21,-2.9248,-39.9167,80.26,78,100,10.96
227,Christchurch,NZ,2021-10-20 22:02:33,-43.5333,172.6333,58.32,64,90,1.01
228,Chernyshevskiy,RU,2021-10-20 22:06:22,63.0128,112.4714,34.95,97,100,10.76
229,Barbosa Ferraz,BR,2021-10-20 22:06:22,-24.03,-52.0117,66.15,70,6,2.01
230,Bubaque,GW,2021-10-20 22:06:22,11.2833,-15.8333,82.67,78,100,14.0
231,Suixi,CN,2021-10-20 22:06:22,33.8907,116.7747,50.99,84,100,3.62
232,Mizdah,LY,2021-10-20 22:06:23,31.4451,12.9801,63.64,84,72,12.33
233,Mayumba,GA,2021-10-20 22:06:23,-3.432,10.6554,76.32,84,99,4.72
234,Kavaratti,IN,2021-10-20 22:06:23,10.5669,72.642,81.79,74,97,10.65
235,Nanortalik,GL,2021-10-20 22:06:24,60.1432,-45.2371,37.13,72,1,1.79
236,Iqaluit,CA,2021-10-20 22:06:24,63.7506,-68.5145,31.69,83,33,3.0
237,Balad,IQ,2021-10-20 22:06:24,34.0164,44.1453,71.73,34,0,10.13
238,Juneau,US,2021-10-20 22:04:24,58.3019,-134.4197,51.8,86,90,14.97
239,Tommot,RU,2021-10-20 22:06:25,58.9564,126.2925,29.62,95,100,8.46
240,Merauke,ID,2021-10-20 22:06:25,-8.4667,140.3333,80.08,78,77,7.27
241,Akhnur,IN,2021-10-20 22:06:25,32.8667,74.7333,68.9,44,0,5.01
242,Alyangula,AU,2021-10-20 22:06:26,-13.8483,136.4192,82.26,73,63,15.41
243,Esperance,AU,2021-10-20 22:06:26,-33.8667,121.9,56.98,84,11,15.68
244,Pirenopolis,BR,2021-10-20 22:03:38,-15.8525,-48.9592,73.36,79,91,3.65
245,Havelock,US,2021-10-20 22:06:26,34.8791,-76.9013,75.16,72,0,1.01
246,Petropavlovsk-Kamchatskiy,RU,2021-10-20 22:06:27,53.0452,158.6483,21.79,63,0,13.42
247,Shar,KZ,2021-10-20 22:06:27,49.5886,81.0453,45.77,42,83,10.0
248,Mahebourg,MU,2021-10-20 22:06:27,-20.4081,57.7,74.25,78,40,8.05
249,Katsuura,JP,2021-10-20 22:06:28,35.1333,140.3,59.18,62,100,9.91
250,Carutapera,BR,2021-10-20 22:06:28,-1.195,-46.02,79.47,76,13,7.09
251,Lorengau,PG,2021-10-20 22:06:28,-2.0226,147.2712,83.44,72,77,6.49
252,Pundaguitan,PH,2021-10-20 22:06:29,6.3711,126.1689,81.16,80,100,7.43
253,Laguna,US,2021-10-20 22:06:29,38.421,-121.4238,71.92,48,90,1.01
254,Bud,US,2021-10-20 22:06:29,39.447,-86.1758,71.98,54,35,11.07
255,Biak,ID,2021-10-20 22:06:30,-0.9131,122.8766,76.75,77,85,2.59
256,Verkhnevilyuysk,RU,2021-10-20 22:06:30,63.4453,120.3167,26.55,94,99,5.73
257,Faanui,PF,2021-10-20 22:06:30,-16.4833,-151.75,77.86,82,14,7.31
258,Beringovskiy,RU,2021-10-20 22:04:03,63.05,179.3167,17.4,76,32,5.3
259,Karasjok,NO,2021-10-20 22:06:31,69.4719,25.5112,26.71,92,100,23.89
260,Banda Aceh,ID,2021-10-20 22:06:31,5.5577,95.3222,78.64,77,99,1.03
261,Almaznyy,RU,2021-10-20 22:06:31,48.0448,40.045,35.74,44,56,9.35
262,Inirida,CO,2021-10-20 22:06:32,3.8653,-67.9239,77.88,90,91,1.16
263,Koungou,YT,2021-10-20 22:06:32,-12.7336,45.2042,76.71,78,0,6.91
264,Ponta Do Sol,PT,2021-10-20 22:06:32,32.6667,-17.1,74.03,81,100,6.33
265,Oranjemund,NA,2021-10-20 22:06:33,-28.55,16.4333,59.97,77,69,5.21
266,Sioux Lookout,CA,2021-10-20 22:06:33,50.1001,-91.917,42.21,45,4,5.41
267,Mehamn,NO,2021-10-20 22:06:34,71.0357,27.8492,30.11,58,100,24.02
268,Johvi,EE,2021-10-20 22:06:34,59.3592,27.4211,52.39,92,100,15.99
269,Trelew,AR,2021-10-20 22:06:34,-43.249,-65.3051,80.58,19,30,30.38
270,Saint Anthony,US,2021-10-20 22:06:34,45.0205,-93.218,55.54,92,90,3.0
271,Dong Hoi,VN,2021-10-20 22:06:35,17.4833,106.6,76.26,90,95,3.91
272,Vila Velha,BR,2021-10-20 22:06:35,-20.3297,-40.2925,66.15,88,75,8.05
273,Balykshi,KZ,2021-10-20 22:06:35,47.0667,51.8667,33.8,86,0,15.66
274,Mareeba,AU,2021-10-20 22:06:36,-17.0,145.4333,83.32,85,14,3.0
275,Linxia,CN,2021-10-20 22:06:36,35.6003,103.2064,38.55,78,59,2.24
276,Port Lincoln,AU,2021-10-20 22:03:57,-34.7333,135.8667,61.23,83,75,12.62
277,Ejido,VE,2021-10-20 22:06:36,8.5514,-71.2375,71.1,91,70,1.77
278,Te Anau,NZ,2021-10-20 22:06:37,-45.4167,167.7167,45.57,77,74,1.57
279,Asau,RO,2021-10-20 22:06:37,46.4333,26.4,45.52,72,15,7.43
280,Senanga,ZM,2021-10-20 22:06:37,-16.1167,23.2667,71.19,61,61,4.03
281,Aksu,CN,2021-10-20 22:06:37,41.1231,80.2644,51.51,28,53,3.11
282,Sitka,US,2021-10-20 22:06:38,57.0531,-135.33,46.13,91,100,7.16
283,Grand Gaube,MU,2021-10-20 22:06:38,-20.0064,57.6608,74.37,74,48,5.99
284,Itaituba,BR,2021-10-20 22:06:38,-4.2761,-55.9836,79.79,73,96,1.79
285,Bonavista,CA,2021-10-20 22:06:39,48.6499,-53.1147,50.11,93,100,16.35
286,Victoria Point,AU,2021-10-20 22:06:39,-27.5833,153.3,76.24,78,28,4.0
287,Tacoronte,ES,2021-10-20 22:06:39,28.4769,-16.4102,70.12,69,0,6.91
288,Yulara,AU,2021-10-20 22:06:40,-25.2406,130.9889,71.44,43,0,10.36
289,Kirove,UA,2021-10-20 22:06:40,47.6531,35.6951,48.83,64,68,11.7
290,Yauya,PE,2021-10-20 22:06:40,-8.9833,-77.3,57.79,58,99,3.62
291,Cayenne,GF,2021-10-20 22:06:41,4.9333,-52.3333,83.08,79,0,1.01
292,Casablanca,MA,2021-10-20 22:03:49,33.5928,-7.6192,71.33,94,81,4.0
293,Praya,CV,2021-10-20 22:04:54,14.9215,-23.5087,81.14,61,0,19.57
294,Kirakira,SB,2021-10-20 22:06:41,-10.4544,161.9205,83.53,74,94,9.06
295,Manakara,MG,2021-10-20 22:06:41,-22.1333,48.0167,72.54,84,98,7.47
296,Kolondieba,ML,2021-10-20 22:06:42,11.0882,-6.8926,80.55,66,100,3.94
297,Hasaki,JP,2021-10-20 22:04:42,35.7333,140.8333,46.8,54,99,14.63
298,Plettenberg Bay,ZA,2021-10-20 22:06:43,-34.0527,23.3716,65.32,66,69,3.85
299,Broome,US,2021-10-20 22:06:43,42.2506,-75.833,66.58,63,90,3.44
300,College,US,2021-10-20 22:06:43,64.8569,-147.8028,39.15,62,75,0.0
301,Saint-Augustin,CA,2021-10-20 22:06:43,51.226,-58.6502,45.19,86,100,13.71
302,Gualeguay,AR,2021-10-20 22:06:44,-33.1416,-59.3097,71.29,49,40,11.3
303,Killybegs,IE,2021-10-20 22:06:44,54.6333,-8.45,46.45,59,99,22.21
304,Acarau,BR,2021-10-20 22:06:44,-2.8856,-40.12,80.37,79,100,11.95
305,Raymond,US,2021-10-20 22:03:25,43.9015,-70.4703,56.86,73,56,3.24
306,Nyagan,RU,2021-10-20 22:06:45,62.1406,65.3936,31.03,86,100,3.27
307,Ancona,IT,2021-10-20 22:02:00,43.55,13.1667,60.98,64,83,8.99
308,Barashevo,RU,2021-10-20 22:06:45,54.5325,42.8792,34.52,72,100,12.37
309,Praia Da Vitoria,PT,2021-10-20 22:09:23,38.7333,-27.0667,65.75,81,69,0.87
310,Bachaquero,VE,2021-10-20 22:07:07,9.9694,-71.1494,83.28,74,28,3.29
311,San Matias,BO,2021-10-20 22:07:07,-16.3667,-58.4,89.1,33,65,2.44
312,Maumere,ID,2021-10-20 22:07:07,-8.6199,122.2111,80.31,81,98,6.04
313,San Andres,CO,2021-10-20 22:07:08,12.5847,-81.7006,84.22,79,75,2.3
314,Tefe,BR,2021-10-20 22:07:08,-3.3542,-64.7114,78.91,94,40,2.3
315,Punta Alta,AR,2021-10-20 22:07:08,-38.8759,-62.0736,73.87,39,3,6.91
316,Ormara,PK,2021-10-20 22:07:09,25.2088,64.6357,78.94,74,7,9.93
317,Moose Jaw,CA,2021-10-20 22:06:56,50.4001,-105.5344,39.29,33,40,13.38
318,Zeya,RU,2021-10-20 22:07:09,53.75,127.2667,31.44,70,98,4.43
319,Samarai,PG,2021-10-20 22:07:10,-10.6167,150.6667,82.33,77,86,7.27
320,Codrington,AU,2021-10-20 22:07:10,-38.2667,141.9667,63.36,63,61,11.83
321,Binzhou,CN,2021-10-20 22:07:10,37.3667,118.0167,50.88,74,100,4.27
322,Pemangkat,ID,2021-10-20 22:07:11,1.1667,108.9667,76.23,91,100,5.35
323,Khandyga,RU,2021-10-20 22:07:11,62.6667,135.6,18.77,96,100,2.01
324,Baturaja,ID,2021-10-20 22:07:12,-4.1333,104.1667,72.16,98,100,1.34
325,Marand,IR,2021-10-20 22:07:12,38.4329,45.7749,50.34,70,17,5.55
326,Shache,CN,2021-10-20 22:07:12,38.4167,77.2406,52.95,24,61,4.18
327,Whitehorse,CA,2021-10-20 22:04:20,60.7161,-135.0538,41.02,48,100,11.01
328,Ixtapa,MX,2021-10-20 22:07:13,20.7,-105.2,88.83,62,20,10.36
329,Sochi,RU,2021-10-20 22:02:51,43.6,39.7303,46.49,65,1,6.64
330,Axim,GH,2021-10-20 22:07:13,4.8699,-2.2405,78.04,87,82,8.16
331,Lavrentiya,RU,2021-10-20 22:07:13,65.5833,-171.0,30.79,98,99,6.71
332,Ahipara,NZ,2021-10-20 22:07:14,-35.1667,173.1667,60.73,93,100,10.71
333,Rio Gallegos,AR,2021-10-20 22:07:14,-51.6226,-69.2181,54.77,31,90,14.07
334,Hervey Bay,AU,2021-10-20 22:07:14,-25.2986,152.8535,80.04,70,15,8.34
335,Nouadhibou,MR,2021-10-20 22:06:26,20.931,-17.0347,72.07,67,0,15.19
336,Hirara,JP,2021-10-20 22:07:15,24.8,125.2833,75.47,94,75,4.61
337,Yuncheng,CN,2021-10-20 22:07:15,35.0231,110.9928,45.55,95,19,3.24
338,Altay,CN,2021-10-20 22:07:15,47.8667,88.1167,40.69,39,0,10.11
339,Amapa,BR,2021-10-20 22:07:16,1.0,-52.0,82.51,58,52,6.17
340,Patos,BR,2021-10-20 22:07:16,-7.0244,-37.28,87.71,42,100,21.07
341,Abu Samrah,SY,2021-10-20 22:07:16,35.3029,37.1841,63.55,66,0,5.44
342,Selcuk,TR,2021-10-20 22:07:16,37.9514,27.3685,66.02,61,1,3.44
343,Sutesti,RO,2021-10-20 22:07:17,45.2167,27.4333,51.82,73,3,13.06
344,Bilma,NE,2021-10-20 22:07:17,18.6853,12.9164,84.42,15,0,10.58
345,Carlsbad,US,2021-10-20 22:04:44,33.1581,-117.3506,81.81,64,1,7.0
346,Bandar,ID,2021-10-20 22:07:18,2.05,99.75,72.84,92,100,2.1
347,Atar,MR,2021-10-20 22:07:18,20.5169,-13.0499,84.36,15,3,9.66
348,Marystown,CA,2021-10-20 22:07:18,47.1666,-55.1483,51.85,100,100,7.07
349,Mogzon,RU,2021-10-20 22:07:19,51.7435,111.9606,24.13,95,33,2.66
350,Yongan,CN,2021-10-20 22:07:19,39.6957,113.6871,31.1,46,0,3.24
351,Korla,CN,2021-10-20 22:07:19,41.7597,86.1469,51.73,28,27,1.05
352,Ugoofaaru,MV,2021-10-20 22:05:23,5.6667,73.0,81.37,72,78,12.3
353,Altamira,BR,2021-10-20 22:07:20,-3.2033,-52.2064,76.98,86,99,5.14
354,Ahmadpur East,PK,2021-10-20 22:07:20,29.1431,71.2598,76.69,18,0,12.55
355,Fernie,CA,2021-10-20 22:07:20,49.5,-115.0687,58.6,47,100,5.03
356,Wewak,PG,2021-10-20 22:07:21,-3.5534,143.6268,79.03,85,100,3.98
357,Hernani,ES,2021-10-20 22:07:21,43.2662,-1.9762,71.06,77,16,7.0
358,Sajanan,TN,2021-10-20 22:07:21,37.0573,9.2426,66.92,63,0,12.12
359,Camacha,PT,2021-10-20 22:06:26,33.0833,-16.3333,70.56,83,40,9.22
360,Brea,US,2021-10-20 22:07:22,33.9167,-117.9001,84.92,40,1,11.99
361,Vestmanna,FO,2021-10-20 22:07:22,62.1564,-7.1664,41.92,56,40,34.52
362,Trairi,BR,2021-10-20 22:07:22,-3.2778,-39.2689,80.26,78,94,8.03
363,Novo Aripuana,BR,2021-10-20 22:07:23,-5.1206,-60.3797,83.32,68,72,1.48
364,Kapit,MY,2021-10-20 22:07:23,2.0167,112.9333,72.88,100,100,0.89
365,Tiznit,MA,2021-10-20 22:07:23,29.5833,-9.5,72.97,33,53,3.76
366,Vzmorye,RU,2021-10-20 22:07:24,54.6961,20.2361,62.69,66,99,21.43
367,Norrkoping,SE,2021-10-20 22:04:54,58.5942,16.1826,54.03,75,90,14.97
368,Aklavik,CA,2021-10-20 22:07:24,68.2191,-135.0107,24.31,80,100,7.07
369,Volchikha,RU,2021-10-20 22:07:24,52.0333,80.3833,43.3,52,81,8.99
370,Acapulco,MX,2021-10-20 22:07:25,16.8634,-99.8901,85.82,70,75,6.91
371,Ca Mau,VN,2021-10-20 22:07:25,9.1769,105.15,73.87,95,100,3.6
372,Bowen,AU,2021-10-20 22:07:25,-20.0167,148.2333,78.96,76,28,13.31
373,Bodden Town,KY,2021-10-20 22:07:26,19.2833,-81.25,84.2,79,20,4.0
374,Zasheyek,RU,2021-10-20 22:07:26,67.4066,32.5499,30.16,91,100,18.99
375,Jalu,LY,2021-10-20 22:07:26,29.0331,21.5482,71.58,44,11,8.5
376,Valer,NO,2021-10-20 22:07:26,60.6785,11.8331,45.1,84,3,9.42
377,Verkhoturye,RU,2021-10-20 22:07:27,58.8627,60.8054,28.58,88,100,5.32
378,Dhidhdhoo,MV,2021-10-20 22:07:27,6.8833,73.1,81.41,76,100,12.17
379,Necochea,AR,2021-10-20 22:07:27,-38.5473,-58.7368,62.04,76,1,8.23
380,Shelburne,CA,2021-10-20 22:04:20,44.0787,-80.2041,61.27,67,64,10.65
381,Eldorado,BR,2021-10-20 22:07:28,-23.7869,-54.2836,70.09,71,3,3.29
382,Irara,BR,2021-10-20 22:07:28,-12.05,-38.7667,78.06,67,74,13.15
383,Dubti,ET,2021-10-20 22:07:28,11.7361,41.0853,88.09,29,15,7.43
384,Lamar,US,2021-10-20 22:07:29,33.6668,-95.5836,81.64,68,90,9.22
385,Barinitas,VE,2021-10-20 22:07:29,8.7622,-70.4111,74.39,88,91,2.35
386,Tuatapere,NZ,2021-10-20 22:07:29,-46.1333,167.6833,50.34,58,96,3.42
387,Grindavik,IS,2021-10-20 22:04:35,63.8424,-22.4338,41.47,75,0,17.27
388,Geraldton,AU,2021-10-20 22:07:30,-28.7667,114.6,63.12,88,75,6.91
389,Shumikha,RU,2021-10-20 22:07:30,55.2261,63.2961,32.74,96,100,16.49
390,Vao,NC,2021-10-20 22:07:31,-22.6667,167.4833,69.69,95,100,11.14
391,Los Llanos De Aridane,ES,2021-10-20 22:04:56,28.6585,-17.9182,69.55,88,0,10.36
392,San Vicente,AR,2021-10-20 22:07:31,-26.6167,-54.1333,64.24,65,58,3.31
393,Cururupu,BR,2021-10-20 22:07:31,-1.8283,-44.8683,77.74,82,14,4.07
394,Ciudad Bolivar,VE,2021-10-20 22:07:32,8.1222,-63.5497,86.13,40,70,8.37
395,San Joaquin,US,2021-10-20 22:07:32,37.9333,-121.3011,73.53,34,90,6.35
396,Morondava,MG,2021-10-20 22:07:32,-20.2833,44.2833,74.23,81,1,11.83
397,Belaya Gora,RU,2021-10-20 22:07:33,68.5333,146.4167,-10.84,97,51,2.33
398,Lata,PT,2021-10-20 22:07:33,40.1629,-8.3327,61.81,98,18,1.12
399,Quezaltepeque,SV,2021-10-20 22:07:33,13.835,-89.2744,79.7,83,89,2.77
400,Taoudenni,ML,2021-10-20 22:07:34,22.6783,-3.9836,76.98,22,0,11.36
401,Luganville,VU,2021-10-20 22:07:14,-15.5333,167.1667,81.57,77,99,6.22
402,Togur,RU,2021-10-20 22:05:21,58.3631,82.8265,36.27,89,78,6.55
403,San Buenaventura,MX,2021-10-20 22:07:34,27.0833,-101.5333,87.48,48,40,9.22
404,Nhulunbuy,AU,2021-10-20 22:07:34,-12.2333,136.7667,81.21,78,40,6.91
405,Jizan,SA,2021-10-20 22:07:35,17.3333,42.6667,85.98,63,8,3.38
406,Luwuk,ID,2021-10-20 22:07:35,-0.9516,122.7875,77.9,76,82,2.91
407,Iskateley,RU,2021-10-20 22:07:35,67.6803,53.1512,28.87,75,25,10.65
408,Nicoya,CR,2021-10-20 22:07:36,10.1483,-85.452,74.75,88,84,3.76
409,San Pedro De Macoris,DO,2021-10-20 22:07:36,18.4616,-69.2972,83.48,83,98,3.44
410,Tskneti,GE,2021-10-20 22:07:36,41.6939,44.6937,44.1,77,67,5.99
411,Peace River,CA,2021-10-20 22:04:08,56.2501,-117.286,52.41,41,3,11.77
412,Uthal,PK,2021-10-20 22:07:37,25.8072,66.6219,76.24,72,0,1.68
413,Victor Harbor,AU,2021-10-20 22:07:37,-35.5667,138.6167,63.81,82,48,8.79
414,Manaure,CO,2021-10-20 22:07:37,11.7751,-72.4445,88.65,60,88,12.08
415,Oksfjord,NO,2021-10-20 22:05:50,70.2396,22.3479,29.32,91,100,11.99
416,Niquelandia,BR,2021-10-20 22:07:38,-14.4739,-48.4597,81.81,50,69,3.33
417,Makakilo City,US,2021-10-20 22:07:38,21.3469,-158.0858,82.72,46,75,3.44
418,Lannion,FR,2021-10-20 22:07:38,48.75,-3.4167,55.0,76,90,32.21
419,Andenes,NO,2021-10-20 22:07:38,69.3143,16.1194,31.06,86,90,31.07
420,Wanning,CN,2021-10-20 22:07:39,18.8003,110.3967,77.14,91,88,0.83
421,Aksarka,RU,2021-10-20 22:07:39,66.5606,67.7975,25.83,90,56,5.95
422,Honiara,SB,2021-10-20 22:07:39,-9.4333,159.95,83.86,75,45,3.18
423,Mlalo,TZ,2021-10-20 22:07:40,-4.9333,38.9333,69.87,95,57,5.32
424,Gazli,UZ,2021-10-20 22:07:40,40.1333,63.45,55.78,48,92,16.17
425,Chernivtsi,UA,2021-10-20 22:07:40,48.2915,25.9403,55.58,56,99,5.46
426,Takaka,NZ,2021-10-20 22:07:41,-40.85,172.8,56.55,65,100,4.59
427,Ballina,AU,2021-10-20 22:07:41,-28.8667,153.5667,62.78,95,81,5.19
428,Anadyr,RU,2021-10-20 22:07:41,64.75,177.4833,21.7,93,75,11.18
429,Nakamura,JP,2021-10-20 22:07:42,32.9833,132.9333,52.29,69,100,3.13
430,Calama,CL,2021-10-20 22:07:42,-22.4667,-68.9333,68.49,11,0,19.57
431,Naze,JP,2021-10-20 22:07:42,28.3667,129.4833,63.52,78,100,10.8
432,Poitiers,FR,2021-10-20 22:07:43,46.5833,0.3333,58.78,74,100,23.02
433,Walker,US,2021-10-20 22:07:43,30.7335,-95.5669,86.61,57,72,5.28
434,Homer,US,2021-10-20 22:03:03,59.6425,-151.5483,44.08,87,88,5.01
435,Arco,IT,2021-10-20 22:07:43,45.9177,10.8867,60.75,94,100,4.63
436,Buala,SB,2021-10-20 22:07:44,-8.145,159.5921,83.64,73,62,5.01
437,Barra Do Garcas,BR,2021-10-20 22:07:44,-15.89,-52.2567,80.4,65,99,1.86
438,Paraiso,CR,2021-10-20 22:07:44,9.8383,-83.8656,70.41,94,99,2.06
439,Katangli,RU,2021-10-20 22:07:45,51.7102,143.2326,24.1,86,16,7.31
440,Rincon,US,2021-10-20 22:04:24,32.296,-81.2354,79.25,56,20,3.44
441,Eyrarbakki,IS,2021-10-20 22:07:45,63.863,-21.1481,37.0,72,100,11.07
442,Kizner,RU,2021-10-20 22:07:45,56.2749,51.508,27.34,95,12,4.18
443,Bela Vista,BR,2021-10-20 22:07:46,-22.1089,-56.5211,72.05,62,0,5.35
444,Adamantina,BR,2021-10-20 22:07:46,-21.6853,-51.0725,70.11,58,0,8.9
445,Heihe,CN,2021-10-20 22:07:46,50.2441,127.4902,23.58,64,100,3.47
446,Isangel,VU,2021-10-20 22:05:50,-19.55,169.2667,75.94,89,100,16.13
447,Ayan,RU,2021-10-20 22:07:47,56.45,138.1667,35.4,62,99,8.84
448,Herbeumont,BE,2021-10-20 22:07:47,49.7809,5.2358,61.27,86,100,18.23
449,Timbiqui,CO,2021-10-20 22:07:47,2.7717,-77.6654,77.5,91,97,5.77
450,Sao Jose Da Coroa Grande,BR,2021-10-20 22:07:48,-8.8978,-35.1478,77.97,84,7,10.07
451,Valparaiso,CL,2021-10-20 22:04:52,-33.0393,-71.6273,59.92,76,75,5.75
452,Ngunguru,NZ,2021-10-20 22:07:48,-35.6167,174.5,60.17,95,100,19.04
453,Fort Nelson,CA,2021-10-20 22:07:48,58.8053,-122.7002,47.98,63,10,5.28
454,Marovoay,MG,2021-10-20 22:07:48,-16.1,46.6333,77.14,83,2,3.0
455,Rocha,UY,2021-10-20 22:07:49,-34.4833,-54.3333,56.7,76,52,9.62
456,Comodoro Rivadavia,AR,2021-10-20 22:07:49,-45.8667,-67.5,75.06,25,0,19.57
457,Ekuvukeni,ZA,2021-10-20 22:07:50,-28.4675,30.1551,58.86,62,12,2.24
458,Cartagena,CO,2021-10-20 22:03:15,10.3997,-75.5144,82.62,78,85,3.04
459,Auki,SB,2021-10-20 22:07:50,-8.7676,160.7034,83.61,70,69,3.47
460,Havre-Saint-Pierre,CA,2021-10-20 22:07:50,50.2334,-63.5986,47.66,78,100,6.69
461,Saint-Pierre,RE,2021-10-20 22:07:51,-21.3393,55.4781,71.28,69,90,4.61
462,Piatra Olt,RO,2021-10-20 22:07:51,44.3667,24.2667,44.46,73,0,1.52
463,Morant Bay,JM,2021-10-20 22:07:51,17.8815,-76.4093,83.66,79,80,7.09
464,Omsukchan,RU,2021-10-20 22:07:52,62.5333,155.8,-9.36,95,36,3.98
465,Usinsk,RU,2021-10-20 22:07:52,65.9939,57.5281,30.65,86,99,13.11
466,Muravlenko,RU,2021-10-20 22:07:52,63.7898,74.523,31.75,81,100,3.58
467,Oktyabrskiy,RU,2021-10-20 22:07:53,54.4815,53.471,30.85,94,86,8.19
468,Mackay,AU,2021-10-20 22:07:53,-21.15,149.2,76.68,76,46,11.3
469,Mount Gambier,AU,2021-10-20 22:07:53,-37.8333,140.7667,60.75,63,59,6.29
470,Tura,IN,2021-10-20 22:07:54,25.5198,90.2201,71.02,99,93,3.49
471,Abnub,EG,2021-10-20 22:07:55,27.2696,31.1511,71.33,49,30,16.26
472,Lumby,CA,2021-10-20 22:06:43,50.2498,-118.969,54.05,82,100,1.01
473,Soe,ID,2021-10-20 22:07:56,-9.8607,124.284,69.49,61,57,1.63
474,Mga,RU,2021-10-20 22:07:56,59.75,31.0667,52.92,90,100,16.08
475,Bardiyah,LY,2021-10-20 22:07:56,31.7561,25.0865,67.87,70,28,5.41
476,Cascais,PT,2021-10-20 22:07:57,38.6979,-9.4215,66.51,73,0,5.01
477,Wattegama,LK,2021-10-20 22:07:57,6.7989,81.4808,74.32,92,98,2.68
478,Pangai,TO,2021-10-20 22:07:57,-19.8,-174.35,76.41,63,69,19.55
479,La Palma,US,2021-10-20 22:07:58,33.8464,-118.0467,84.81,48,1,3.0
480,Kenora,CA,2021-10-20 22:07:58,49.8167,-94.4337,42.78,48,40,8.01
481,Buckeye,US,2021-10-20 22:07:58,33.3703,-112.5838,88.14,25,62,5.75
482,Tautira,PF,2021-10-20 22:03:48,-17.7333,-149.15,82.42,78,95,11.23
483,Ambon,ID,2021-10-20 22:07:59,-3.6954,128.1814,77.14,94,20,6.91
484,North Myrtle Beach,US,2021-10-20 22:07:59,33.816,-78.68,75.49,67,1,1.01
485,Hisor,TJ,2021-10-20 22:08:00,38.525,68.5512,49.75,15,100,1.9
486,Lebyazhye,RU,2021-10-20 22:08:00,55.2689,66.4947,47.08,83,100,8.43
487,Tanabi,BR,2021-10-20 22:08:00,-20.6264,-49.6492,72.97,55,3,6.51
488,Brigantine,US,2021-10-20 22:08:01,39.4101,-74.3646,73.02,57,1,5.75
489,Oranjestad,AW,2021-10-20 22:06:43,12.524,-70.027,85.95,74,20,16.11
490,Meadow Lake,US,2021-10-20 22:08:01,34.8014,-106.5436,72.37,20,0,4.74
491,Hurghada,EG,2021-10-20 22:08:02,27.2574,33.8129,75.15,54,2,25.1
492,Ambagarh Chauki,IN,2021-10-20 22:08:02,20.7833,80.7167,69.21,78,51,4.16
493,Margate,GB,2021-10-20 22:05:22,51.3813,1.3862,56.3,87,100,14.16
494,Halifax,CA,2021-10-20 22:03:59,44.6453,-63.5724,51.69,79,99,10.0
495,Awbari,LY,2021-10-20 22:08:03,26.5921,12.7805,73.08,40,100,12.93
496,El Vendrell,ES,2021-10-20 22:08:03,41.2167,1.5333,68.77,89,80,8.41
497,Cortez,US,2021-10-20 22:08:04,37.3489,-108.5859,64.67,25,1,3.44
498,Husavik,IS,2021-10-20 22:08:04,66.0449,-17.3389,25.03,75,63,13.29
499,Changping,CN,2021-10-20 22:08:04,40.2186,116.2197,40.96,49,6,7.0
500,Mao,ES,2021-10-20 22:08:05,39.8885,4.2658,63.16,82,0,5.75
501,Kumluca,TR,2021-10-20 22:08:05,36.3703,30.2869,68.63,49,0,6.15
502,Okhotsk,RU,2021-10-20 22:08:05,59.3833,143.3,12.47,67,97,8.43
503,Ginda,IN,2021-10-20 22:08:06,30.6945,78.4932,53.47,69,0,7.09
504,Mozarlandia,BR,2021-10-20 22:08:06,-14.7447,-50.5706,82.33,60,92,4.14
505,Hollola,FI,2021-10-20 22:08:06,61.05,25.4333,51.03,97,100,10.38
506,Sandwick,GB,2021-10-20 22:08:06,60.0,-1.25,42.62,81,75,23.02
507,Bukama,CD,2021-10-20 22:08:07,-9.2,25.85,74.35,70,15,1.7
508,Dongzhen,CN,2021-10-20 22:08:07,22.3797,110.9389,72.75,94,98,2.59
509,Nome,US,2021-10-20 22:06:00,64.5011,-165.4064,34.16,93,90,8.05
510,Felanitx,ES,2021-10-20 22:08:08,39.4696,3.1483,61.95,76,81,4.43
511,Cairns,AU,2021-10-20 22:03:45,-16.9167,145.7667,87.94,82,90,6.91
512,Mount Isa,AU,2021-10-20 22:08:08,-20.7333,139.5,83.97,39,87,6.91
513,Sasina,BA,2021-10-20 22:08:08,44.7987,16.739,44.58,83,98,5.23
514,Tiarei,PF,2021-10-20 22:08:09,-17.5333,-149.3333,82.42,79,68,9.08
515,Garachine,PA,2021-10-20 22:08:09,8.0647,-78.3628,79.77,84,100,8.99
516,Dzilam Gonzalez,MX,2021-10-20 22:08:09,21.2833,-88.9333,78.8,90,75,6.93
517,Nowy Dwor Mazowiecki,PL,2021-10-20 22:08:10,52.4302,20.7165,62.38,65,0,16.11
518,Yinchuan,CN,2021-10-20 22:08:10,38.4681,106.2731,44.1,24,0,2.68
519,Chapais,CA,2021-10-20 22:08:10,49.7834,-74.8492,38.98,97,100,7.67
520,Marsh Harbour,BS,2021-10-20 22:05:34,26.5412,-77.0636,79.48,59,85,16.44
521,Dudinka,RU,2021-10-20 22:08:11,69.4058,86.1778,25.34,92,100,17.67
522,Winneba,GH,2021-10-20 22:08:11,5.3511,-0.6231,78.1,89,94,9.82
523,Soyo,AO,2021-10-20 22:08:11,-6.1349,12.3689,75.72,83,40,5.95
524,San Cristobal,VE,2021-10-20 22:07:32,7.7669,-72.225,78.98,69,12,2.08
525,Dosso,NE,2021-10-20 22:08:12,13.049,3.1937,88.9,38,81,6.87
526,Cutro,IT,2021-10-20 22:08:12,39.0353,16.9819,51.06,65,0,5.1
527,Norman Wells,CA,2021-10-20 22:08:13,65.282,-126.8329,34.32,77,99,4.5
528,Dawson,US,2021-10-20 22:08:13,31.7735,-84.4466,80.98,45,69,3.51
529,Mgandu,TZ,2021-10-20 22:08:13,-5.95,34.1333,66.29,56,58,10.02
530,Latung,PH,2021-10-20 22:08:14,5.5,120.8833,82.92,75,69,6.58
531,Ilorin,NG,2021-10-20 22:08:14,8.5,4.55,74.57,79,57,3.76
532,Grants Pass,US,2021-10-20 22:08:14,42.439,-123.3284,60.03,83,90,1.01
533,Mandalgovi,MN,2021-10-20 22:08:14,45.7625,106.2708,28.58,55,0,4.43
534,Tobermory,CA,2021-10-20 22:08:15,45.2501,-81.6665,60.31,89,84,5.91
535,Hay River,CA,2021-10-20 22:04:13,60.8156,-115.7999,44.55,59,15,9.55
536,Portland,US,2021-10-20 22:06:35,45.5234,-122.6762,64.2,69,75,3.0
537,Lufilufi,WS,2021-10-20 22:08:15,-13.8745,-171.5986,76.78,83,81,20.67
538,Altagracia De Orituco,VE,2021-10-20 22:08:16,9.8601,-66.3814,77.18,82,67,3.22
539,Buritizeiro,BR,2021-10-20 22:08:16,-17.3511,-44.9622,77.41,72,91,6.49
540,Port Macquarie,AU,2021-10-20 22:04:02,-31.4333,152.9167,66.88,85,93,1.59
541,Guerrero Negro,MX,2021-10-20 22:08:16,27.9769,-114.0611,70.77,60,75,13.02
542,Van,TR,2021-10-20 22:08:17,38.4924,43.3831,40.35,81,20,5.75
543,Pantai Remis,MY,2021-10-20 22:08:17,4.4557,100.6288,74.88,94,100,4.52
544,Cauas,RO,2021-10-20 22:08:17,47.5667,22.55,45.36,69,63,7.27
545,Waipawa,NZ,2021-10-20 22:08:17,-41.4122,175.5153,56.44,64,100,6.29
546,Velingara,SN,2021-10-20 22:08:18,13.15,-14.1167,81.52,58,95,5.53
547,Kushima,JP,2021-10-20 22:08:18,31.4583,131.2333,60.84,74,100,5.12
548,Romilly-Sur-Seine,FR,2021-10-20 22:08:18,48.5108,3.7263,62.98,65,100,30.0
549,Formosa,AR,2021-10-20 22:08:19,-26.1775,-58.1781,76.98,47,0,4.61
550,Worms,DE,2021-10-20 22:08:19,49.6356,8.3597,61.95,92,100,5.01
551,Kikwit,CD,2021-10-20 22:08:19,-5.041,18.8162,69.85,99,48,1.95
552,Outlook,CA,2021-10-20 22:08:20,51.5001,-107.0513,46.13,23,3,15.3
553,Batemans Bay,AU,2021-10-20 22:08:20,-35.7167,150.1833,65.19,81,95,4.45
554,Nuuk,GL,2021-10-20 22:08:20,64.1835,-51.7216,29.01,93,1,9.22
555,Kavieng,PG,2021-10-20 22:04:51,-2.5744,150.7967,81.9,77,93,6.02
556,Aitape,PG,2021-10-20 22:08:21,-3.1374,142.3475,78.93,87,100,3.29
557,Kuusamo,FI,2021-10-20 22:08:21,65.9667,29.1833,26.64,93,90,10.36
